,letters_list
0,https://www.boxofficemojo.com/movies/alphabetical.htm?letter=W&p=.htm
1,https://www.boxofficemojo.com/movies/alphabetical.htm?letter=P&p=.htm
2,https://www.boxofficemojo.com/movies/alphabetical.htm?letter=F&p=.htm
3,https://www.boxofficemojo.com/movies/alphabetical.htm?letter=X&p=.htm
4,https://www.boxofficemojo.com/movies/alphabetical.htm?letter=Z&p=.htm
5,https://www.boxofficemojo.com/movies/alphabetical.htm?letter=M&p=.htm
6,https://www.boxofficemojo.com/movies/alphabetical.htm?letter=J&p=.htm
7,https://www.boxofficemojo.com/movies/alphabetical.htm?letter=S&p=.htm
8,https://www.boxofficemojo.com/movies/alphabetical.htm?letter=G&p=.htm
9,https://www.boxofficemojo.com/movies/alphabetical.htm?letter=B&p=.htm
10,https://www.boxofficemojo.com/movies/alphabetical.htm?letter=A&p=.htm
11,https://www.boxofficemojo.com/movies/alphabetical.htm?letter=D&p=.htm
12,https://www.boxofficemojo.com/movies/alphabetical.htm?letter=T&p=.htm
13,https://www.boxofficemojo.com/movies/alphabetical.htm?letter=H&p=.htm
14,https://www.boxofficemojo.com/movies/alphabetical.htm?letter=C&p=.htm
15,https://www.boxofficemojo.com/movies/alphabetical.htm?letter=V&p=.htm
16,https://www.boxofficemojo.com/movies/alphabetical.htm?letter=U&p=.htm
17,https://www.boxofficemojo.com/movies/alphabetical.htm?letter=L&p=.htm
18,https://www.boxofficemojo.com/movies/alphabetical.htm?letter=R&p=.htm
19,https://www.boxofficemojo.com/movies/alphabetical.htm?letter=E&p=.htm
20,https://www.boxofficemojo.com/movies/alphabetical.htm?letter=I&p=.htm
21,https://www.boxofficemojo.com/movies/alphabetical.htm?letter=K&p=.htm
22,https://www.boxofficemojo.com/movies/alphabetical.htm?letter=Y&p=.htm
23,https://www.boxofficemojo.com/movies/alphabetical.htm?letter=Q&p=.htm
24,https://www.boxofficemojo.com/movies/alphabetical.htm?letter=O&p=.htm
25,https://www.boxofficemojo.com/movies/alphabetical.htm?letter=NUM&p=.htm
26,https://www.boxofficemojo.com/movies/alphabetical.htm?letter=N&p=.htm
